{
	"pattrstorage" : 	{
		"name" : "delay",
		"slots" : 		{
			"1" : 			{
				"id" : 1,
				"data" : 				{
					"jsui" : [ 500.640015 ],
					"jsui[1]" : [ 71.0 ],
					"pictslider" : [ 500, 0 ]
				}

			}
,
			"2" : 			{
				"id" : 2,
				"data" : 				{
					"jsui" : [ 284.040009 ],
					"jsui[1]" : [ 71.0 ],
					"pictslider" : [ 500, 0 ]
				}

			}
,
			"3" : 			{
				"id" : 3,
				"data" : 				{
					"jsui" : [ 460.679993 ],
					"jsui[1]" : [ 71.0 ],
					"pictslider" : [ 500, 0 ]
				}

			}
,
			"4" : 			{
				"id" : 4,
				"data" : 				{
					"jsui" : [ 703.409973 ],
					"jsui[1]" : [ 71.0 ],
					"pictslider" : [ 500, 0 ]
				}

			}
,
			"5" : 			{
				"id" : 5,
				"data" : 				{
					"jsui" : [ 953.900024 ],
					"jsui[1]" : [ 71.0 ],
					"pictslider" : [ 500, 0 ]
				}

			}
,
			"6" : 			{
				"id" : 6,
				"data" : 				{
					"jsui" : [ 1118.01001 ],
					"jsui[1]" : [ 71.0 ],
					"pictslider" : [ 500, 0 ]
				}

			}

		}

	}

}
